Client;Country;Currency;Transaction;Date
EEGIJ;SOMALIA;SGD;6281.173137293273;2024-01-26
EEGIJ;URUGUAY;MWK;17972928.43936146;2024-01-26
EEGIJ;EURO;PYG;71735143.92414688;2024-01-26
EEGIJ;SUDAN;SEK;227854.9543477762;2024-01-26
EEGIJ;BELARUS;STD;396607405.4399322;2024-01-26
EEGIJ;ALBANIA;RSD;343401.7818039922;2024-01-26
EEGIJ;FRENCH POLYNESIA;LKR;159203.4027209891;2024-01-26
EEGIJ;PARAGUAY;XPF;188349.371494089;2024-01-26
EEGIJ;BERMUDA;BWP;201836.3050429731;2024-01-26
EEGIJ;SAUDI ARABIA;LRD;590820.504473788;2024-01-26
EEGIJ;MALAWI;MXN;218042.4005879929;2024-01-26
EEGIJ;PERU;WST;2994.274855033118;2024-01-26
EEGIJ;ZAMBIA;BDT;996231.0814213172;2024-01-26
EEGIJ;TURKEY;PGK;29084.3639953078;2024-01-26
EEGIJ;DENMARK;KYD;7419.18861852541;2024-01-26
EEGIJ;NEW ZEALAND;DJF;952985.22926908;2024-01-26
LLLZ3;DOMINICA;ETB;33720.75747501716;2024-01-26
LLLZ3;SAO TOME AND PRINCIPE;BWP;12524.23350055046;2024-01-26
LLLZ3;LEBANON;PGK;2695.178507314685;2024-01-26
LLLZ3;UNITED ARAB EMIRATES;PKR;276116.8605783606;2024-01-26
LLLZ3;LATVIA;LAK;18046828.21731705;2024-01-26
LLLZ3;GHANA;XPF;55445.68689812238;2024-01-26
LLLZ3;GAMBIA;MGA;102503.2928679164;2024-01-26
LLLZ3;CROATIA;HTG;126685.4473780471;2024-01-26
LLLZ3;BELARUS;THB;47964.59146385841;2024-01-26
LLLZ3;HONDURAS;DZD;64038.81601086977;2024-01-26
LLLZ3;TONGA;GHS;1890.914310677447;2024-01-26
LLLZ3;UKRAINE;ILS;4296.236511020105;2024-01-26
LLLZ3;ICELAND;ZWL;263444.2983524996;2024-01-26
LLLZ3;NORWAY;SYP;496334.073720084;2024-01-26
LLLZ3;BOTSWANA;MVR;20844.21015580117;2024-01-26
LLLZ3;DJIBOUTI;QAR;2628.909696799517;2024-01-26
LLLZ3;QATAR;BZD;89.22645017089751;2024-01-26
LLLZ3;BELIZE;ALL;112798.1398909554;2024-01-26
LLLZ3;HONDURAS;KHR;3198547.293827162;2024-01-26
LLLZ3;PARAGUAY;SAR;3392.335810090373;2024-01-26
AJXZc;VANUATU;KWD;452.4303173747663;2024-01-26
AJXZc;BAHAMAS;IQD;6434779.392374386;2024-01-26
AJXZc;BRAZIL;AWG;4434.005078466113;2024-01-26
AJXZc;BRUNEI DARUSSALAM;DKK;20083.55711934969;2024-01-26
AJXZc;SWEDEN;PLN;21425.10727195737;2024-01-26
AJXZc;PAPUA NEW GUINEA;GTQ;45140.89812371793;2024-01-26
AJXZc;BRAZIL;ANG;6657.596925435339;2024-01-26
AJXZc;SERBIA;AOA;2267893.26977187;2024-01-26
AJXZc;SYRIAN ARAB REPUBLIC;SCR;35791.27062707377;2024-01-26
AJXZc;INDONESIA;KWD;492.2474862089342;2024-01-26
AJXZc;TANZANIA, UNITED REPUBLIC OF;ANG;10735.7793861483;2024-01-26
AJXZc;GAMBIA;CYP;2266.741276255539;2024-01-26
AJXZc;JAPAN;AED;18656.47342895451;2024-01-26
AJXZc;PAPUA NEW GUINEA;PAB;4806.279231411018;2024-01-26
AJXZc;MADAGASCAR;UGX;16598563.62546772;2024-01-26
AJXZc;SAO TOME AND PRINCIPE;UAH;198542.2781239073;2024-01-26
BEXbb;IRAQ;UAH;111437.2606610597;2024-01-26
BEXbb;RUSSIAN FEDERATION;HKD;20944.86685115969;2024-01-26
BEXbb;CAMBODIA;MZN;15721.68533118948;2024-01-26
BEXbb;CYPRUS;TTD;16129.97508753433;2024-01-26
BEXbb;BARBADOS;ZAR;75148.77768248881;2024-01-26
BEXbb;UKRAINE;HTG;346661.9623223599;2024-01-26
BEXbb;PAPUA NEW GUINEA;BBD;10155.4159071013;2024-01-26
BEXbb;JORDAN;GBP;3582.876074452444;2024-01-26
BEXbb;BELIZE;UAH;19392.04936924616;2024-01-26
DILY2;ICELAND;KYD;21.54250591954519;2024-01-26
LYYac;OMAN;XOF;1371896.345848699;2024-01-26
LYYac;COLOMBIA;MVR;19194.15085841095;2024-01-26
LYYac;KOREA, REPUBLIC OF;IRR;42823156.10412411;2024-01-26
LYYac;SWITZERLAND;CVE;153279.1790572901;2024-01-26
LYYac;BELARUS;SEK;64119.1675058641;2024-01-26
EGYbc;IRAQ;RUB;313756.7325297961;2024-01-26
EGYbc;TUNISIA;CNY;38566.32773164693;2024-01-26
EGYbc;PERU;AOA;5165272.715597009;2024-01-26
EGYbc;EURO;BIF;3240608.855042077;2024-01-26
EGYbc;ETHIOPIA;PHP;578644.2545494587;2024-01-26
EGYbc;BAHRAIN;PAB;-77.76043630500352;2024-01-26
EGYbc;ETHIOPIA;LVL;6605.038644564956;2024-01-26
JMNVZ;IRAN (ISLAMIC REPUBLIC OF);CNY;94105.81447134152;2024-01-26
JMNVZ;GUINEA;BBD;10882.41298426473;2024-01-26
JMNVZ;NICARAGUA;GYD;236386.7940369078;2024-01-26
JMNVZ;JAMAICA;BSD;656.1002170499071;2024-01-26
JMNVZ;GUATEMALA;SBD;87621.0940370736;2024-01-26
JMNVZ;BURUNDI;BOB;113927.7276982124;2024-01-26
JMNVZ;VIET NAM;DJF;249890.5322579665;2024-01-26
JMNVZ;ICELAND;NOK;58852.02144958079;2024-01-26
JMNVZ;AZERBAIJAN;HUF;2462404.830525105;2024-01-26
JMNVZ;BULGARIA;MYR;63417.17483316481;2024-01-26
JMNVZ;BURUNDI;HNL;240588.7749925629;2024-01-26
JMNVZ;OMAN;JPY;1495957.559656298;2024-01-26
JMNVZ;SOUTH AFRICA;AUD;23356.77125657094;2024-01-26
JMNVZ;EGYPT;HRK;82273.44531465614;2024-01-26
JMNVZ;TANZANIA, UNITED REPUBLIC OF;WST;23268.28941585584;2024-01-26
JMNVZ;ARUBA;PLN;86244.54747280318;2024-01-26
JMNVZ;POLAND;PAB;8092.544026134631;2024-01-26
DIMMY;LIBERIA;SAR;34361.65863291269;2024-01-26
DIMMY;VENEZUELA;TND;44577.37439108684;2024-01-26
DIMMY;TOGO;BZD;5568.817781483208;2024-01-26
DIMMY;GUINEA;TZS;34536924.39864577;2024-01-26
DIMMY;ARGENTINA;BRL;20177.82225529458;2024-01-26
DIMMY;SOUTH AFRICA;CYP;6673.185376020688;2024-01-26
DIMMY;PAPUA NEW GUINEA;PES;1079283.925132562;2024-01-26
DIMMY;TOGO;PYG;91788902.38373654;2024-01-26
DIMMY;GUYANA;PHP;391132.0669639502;2024-01-26
DIMMY;SEYCHELLES;CRC;8106515.595200034;2024-01-26
DIMMY;KOREA, REPUBLIC OF;BSD;956.0692634420556;2024-01-26
ADEb2;PAPUA NEW GUINEA;OMR;766.1753392748249;2024-01-26
ADEb2;PARAGUAY;CLP;6752573.756735859;2024-01-26
ADEb2;BAHRAIN;JOD;3670.546530033163;2024-01-26
ADEb2;NIGERIA;SLL;112675529.6565704;2024-01-26
ADEb2;SIERRA LEONE;JOD;387.0244054295922;2024-01-26
ADEb2;PANAMA;MWK;4611393.482635197;2024-01-26
ADEb2;MACAU;NIO;244721.4063523459;2024-01-26
ADEb2;BRAZIL;PYG;28529419.25900125;2024-01-26
ADEb2;GUATEMALA;AOA;2250147.820835561;2024-01-26
ADEb2;SEYCHELLES;MYR;-228.2086612393468;2024-01-26
ADEb2;CENTRAL AFRICAN REPUBLIC;HUF;1412252.170863988;2024-01-26
ADEb2;UGANDA;VES;61282.39710471637;2024-01-26
ADEb2;NIGERIA;COP;3586776.615179112;2024-01-26
ADEb2;ISRAEL;SCR;34940.57261269145;2024-01-26
ADEb2;JORDAN;RWF;194303.1636385658;2024-01-26
ADEb2;SAUDI ARABIA;WST;19052.92599371129;2024-01-26
ADEb2;CAMBODIA;IDR;14403216.38192604;2024-01-26
ADEb2;HONG KONG;XPF;817072.2436685156;2024-01-26
ADEb2;DOMINICA;INR;588768.5357730351;2024-01-26
ADEb2;UGANDA;SGD;5755.438814479561;2024-01-26
MNZcc;BERMUDA;KYD;1573.246336893503;2024-01-26
MNZcc;ICELAND;WST;-245.4019657892369;2024-01-26
MNZcc;CHINA;RUB;266691.6168144216;2024-01-26
MNZcc;MEXICO;BND;2728.703196988393;2024-01-26
MNZcc;NEW ZEALAND;SVC;50736.37819525801;2024-01-26
MNZcc;SOMALIA;FJD;5316.729769684876;2024-01-26
MNZcc;BRUNEI DARUSSALAM;AED;8701.664792498526;2024-01-26
MNZcc;EGYPT;YER;3225588.937059661;2024-01-26
MNZcc;TURKEY;MMK;24455433.58821202;2024-01-26
MNZcc;GHANA;GHS;250993.3435131547;2024-01-26
MNZcc;BHUTAN;RUB;649429.1623006557;2024-01-26
MNZcc;SINGAPORE;EGP;67607.67060927968;2024-01-26
MNZcc;CAMBODIA;AWG;19531.41242660063;2024-01-26
MNZcc;ALBANIA;TWD;329245.6703710011;2024-01-26
MNZcc;ROMANIA;MVR;113050.9841378369;2024-01-26
DIKLV;OMAN;UYU;4452.252237676822;2024-01-26
DIKLV;NAMIBIA;MZN;9475.327047565715;2024-01-26
DIKLV;QATAR;PEN;330.7064743673328;2024-01-26
DIKLV;ISRAEL;BGN;223.2385363953468;2024-01-26
DIKLV;BRUNEI DARUSSALAM;MMK;260793.4566274302;2024-01-26
DIKLV;MYANMAR;UYU;4034.643101918935;2024-01-26
DIKLV;BAHRAIN;UYU;3866.92588449359;2024-01-26
DIKLV;LIBERIA;PLN;114.7978107037137;2024-01-26
DIKLV;ALBANIA;FJD;73.09339294815942;2024-01-26
DIKLV;BARBADOS;KHR;204165.7334955509;2024-01-26
DIKLV;EL SALVADOR;MWK;41475.0422217391;2024-01-26
DDHVW;UNITED ARAB EMIRATES;XPF;1733929.148127028;2024-01-26
DDHVW;SWAZILAND;ALL;474193.6067541314;2024-01-26
CEN13;CAPE VERDE;AOA;173817.4153019693;2024-01-26
CEN13;MAURITIUS;RWF;478587.7380972063;2024-01-26
ACJXZ;BAHRAIN;TWD;116153.6080332311;2024-01-26
ACJXZ;CAMBODIA;HUF;2978317.64647788;2024-01-26
ACJXZ;VANUATU;XCD;40978.74335466415;2024-01-26
ACJXZ;VANUATU;XPF;1260024.584754458;2024-01-26
ACJXZ;VENEZUELA;KYD;4849.16328032866;2024-01-26
ACJXZ;PARAGUAY;LYD;49099.55802449439;2024-01-26
ACJXZ;SAMOA;CHF;9888.147744955782;2024-01-26
ACJXZ;TURKEY;NIO;707097.1724002323;2024-01-26
ACJXZ;SWEDEN;MVR;164186.7513736357;2024-01-26
ACJXZ;NAMIBIA;SYP;7138081.222903159;2024-01-26
ACJXZ;PARAGUAY;KHR;5056271.36896284;2024-01-26
ACJXZ;DOMINICA;NOK;190047.0744202937;2024-01-26
ACJXZ;MEXICO;TZS;6644817.175574371;2024-01-26
BHLY2;JAPAN;IDR;51181969.920334;2024-01-26
BHLY2;TRINIDAD AND TOBAGO;EGP;86082.4843422699;2024-01-26
BHLY2;CENTRAL AFRICAN REPUBLIC;BOB;12283.4551691423;2024-01-26
BHLY2;BELARUS;TOP;3574.744947564912;2024-01-26
BHLY2;COSTA RICA;PAB;1829.102425195062;2024-01-26
BHLY2;SEYCHELLES;FJD;-42.04314657653586;2024-01-26
BHLY2;BAHRAIN;BTN;221958.4391633345;2024-01-26
BLWc1;LEBANON;BTN;240983.074823538;2024-01-26
BLWc1;SWITZERLAND;NPR;181246.0634286043;2024-01-26
BLWc1;TANZANIA, UNITED REPUBLIC OF;PGK;27109.6250910136;2024-01-26
BLWc1;NIGERIA;UGX;23481550.53202378;2024-01-26
BLWc1;KAZAKHSTAN;CRC;497326.9604020561;2024-01-26
BLWc1;CZECH REPUBLIC;UGX;28515341.31929727;2024-01-26
BLWc1;EL SALVADOR;LKR;3474065.037578646;2024-01-26
BLWc1;SAMOA;SOS;4381274.941906336;2024-01-26
BLWc1;CHILE;IRR;69978449.47687751;2024-01-26
BLWc1;NAMIBIA;KWD;809.2772918873039;2024-01-26
BLWc1;TURKEY;JOD;6153.827356024344;2024-01-26
CCNc2;SWITZERLAND;SBD;41541.0563360843;2024-01-26
CCNc2;UGANDA;MGA;8650483.375540314;2024-01-26
CCNc2;CAPE VERDE;LRD;204006.1828634676;2024-01-26
CCNc2;DENMARK;LAK;159755205.2959111;2024-01-26
CCNc2;AZERBAIJAN;INR;457546.3791892998;2024-01-26
CCNc2;PHILIPPINES;BRL;7195.342326467224;2024-01-26
CCNc2;NEW ZEALAND;TND;24551.85307664453;2024-01-26
CCNc2;TRINIDAD AND TOBAGO;SGD;13601.46612280461;2024-01-26
CCNc2;CAPE VERDE;DJF;1766263.57944393;2024-01-26
CCNc2;HUNGARY;HTG;423974.0206216841;2024-01-26
CCNc2;RUSSIAN FEDERATION;GYD;335308.1641159658;2024-01-26
CCNc2;ICELAND;MXN;88763.00401525416;2024-01-26
CCNc2;HUNGARY;SVC;43461.03857034579;2024-01-26
AELVX;TANZANIA, UNITED REPUBLIC OF;ILS;16043.90241338917;2024-01-26
AELVX;PARAGUAY;KHR;11249924.03095941;2024-01-26
AELVX;GUYANA;SZL;28591.31852698618;2024-01-26
NYbcc;FIJI;AZN;13905.01511593293;2024-01-26
NYbcc;PHILIPPINES;TOP;19114.20067934923;2024-01-26
NYbcc;BERMUDA;IRR;500908943.4495677;2024-01-26
NYbcc;CANADA;BMD;1408.276125254446;2024-01-26
NYbcc;CZECH REPUBLIC;HKD;79329.98777211446;2024-01-26
NYbcc;UNITED ARAB EMIRATES;TOP;18920.26467933519;2024-01-26
NYbcc;SINGAPORE;KZT;1546700.339094972;2024-01-26
NYbcc;URUGUAY;ZWL;6078991.199440108;2024-01-26
AGXbb;TUNISIA;SYP;19850.8069695255;2024-01-26
AGXbb;TUNISIA;JMD;49578.07436230828;2024-01-26
AGXbb;HUNGARY;KRW;4009.71261020871;2024-01-26
AGXbb;CAYMAN ISLANDS;IDR;2864736.433595252;2024-01-26
AGXbb;HONG KONG;GMD;26023.17304708845;2024-01-26
AGXbb;GUYANA;JPY;61044.96181036551;2024-01-26
AGXbb;CAMBODIA;PEN;130.7792708232006;2024-01-26
AGXbb;SAUDI ARABIA;PES;28660.05971219272;2024-01-26
AGXbb;MEXICO;DJF;1912.639078721809;2024-01-26
AGXbb;SWITZERLAND;IRR;15266251.31901136;2024-01-26
AGXbb;MYANMAR;GHS;3428.640795041428;2024-01-26
AGXbb;UNITED KINGDOM;CZK;8125.610687113735;2024-01-26
AGXbb;AZERBAIJAN;TRY;280.9877989206481;2024-01-26
AGXbb;IRAN (ISLAMIC REPUBLIC OF);ALL;1166.455373101623;2024-01-26
CCLMM;BRUNEI DARUSSALAM;MRO;897466.3918736747;2024-01-26
CCLMM;SUDAN;AZN;3853.174070604991;2024-01-26
CCLMM;BANGLADESH;BZD;3184.584935275584;2024-01-26
CCLMM;NAMIBIA;LBP;620291.3183142203;2024-01-26
CCLMM;EURO;COP;4420874.180242137;2024-01-26
CCLMM;MEXICO;MWK;749563.7697697141;2024-01-26
CCLMM;TONGA;XPF;128622.0029636726;2024-01-26
CCLMM;KOREA, REPUBLIC OF;CAD;2635.220720167677;2024-01-26
CCLMM;TURKEY;PLN;7852.038828390152;2024-01-26
CCLMM;TUNISIA;HNL;81957.4373796396;2024-01-26
CCLMM;SUDAN;BBD;589.6855763809584;2024-01-26
CCLMM;HONG KONG;BZD;6497.854252926868;2024-01-26
CCLMM;TONGA;AUD;1589.807054991175;2024-01-26
CCLMM;CHILE;VES;63955.4245881348;2024-01-26
CCLMM;ROMANIA;VES;57585.54829752524;2024-01-26
CCLMM;DOMINICA;CYP;1578.348593234135;2024-01-26
CCLMM;JAMAICA;BSD;2795.35003144139;2024-01-26
CCLMM;BRAZIL;VUV;219598.0005769163;2024-01-26
CCLMM;PAKISTAN;ZMW;21547.83880048467;2024-01-26
CCLMM;NORWAY;SAR;5727.422951499476;2024-01-26
ACHIZ;NEW ZEALAND;WST;19289.5241740143;2024-01-26
ACHIZ;SINGAPORE;WST;30917.93678653053;2024-01-26
ACHIZ;BHUTAN;RUB;37324.91714023445;2024-01-26
ACHIZ;LIBYAN ARAB JAMAHIRIYA;PEN;32967.21153606309;2024-01-26
ACHIZ;PAPUA NEW GUINEA;GNF;38509268.8685497;2024-01-26
AKK22;ALGERIA;BTN;237202.1064849033;2024-01-26
AKK22;SINGAPORE;XCD;4161.141775800937;2024-01-26
AKK22;UKRAINE;PYG;21055273.55205463;2024-01-26
AKK22;FRENCH POLYNESIA;PES;919452.530513412;2024-01-26
AKK22;EURO;FJD;10266.10483961225;2024-01-26
AKK22;BHUTAN;AUD;148.6617412162566;2024-01-26
AKK22;POLAND;ZMW;1044.37970879471;2024-01-26
AKK22;SAMOA;SZL;42767.8351350141;2024-01-26
AKK22;BERMUDA;BBD;4808.764506138023;2024-01-26
AKK22;BOLIVIA;ANG;6615.046863038899;2024-01-26
AKK22;BELIZE;ARS;779037.3297549579;2024-01-26
AKK22;KOREA, REPUBLIC OF;AUD;381.1434003523174;2024-01-26
AKK22;NIGERIA;BYR;65547068.72786164;2024-01-26
AKK22;YEMEN;BBD;3588.567912329612;2024-01-26
AKK22;NIGERIA;NPR;316290.8102025421;2024-01-26
AKK22;TURKEY;NZD;396.0639072149289;2024-01-26
IKNNW;TURKEY;VND;44053979.81649166;2024-01-26
IKNNW;GAMBIA;XPF;-2225.472405575151;2024-01-26
IKNNW;EGYPT;CAD;2415.451273012651;2024-01-26
IKNNW;EURO;QAR;3453.515775837805;2024-01-26
IKNNW;CAMBODIA;JPY;14543.61477684775;2024-01-26
IKNNW;COSTA RICA;SDG;920999.9125192546;2024-01-26
IKNNW;CZECH REPUBLIC;MGA;4554546.426696755;2024-01-26
IKNNW;GHANA;HNL;28125.78298864225;2024-01-26
IKNNW;EGYPT;TND;2297.266114571422;2024-01-26
IKNNW;EURO;DJF;174898.644765544;2024-01-26
IKNNW;PANAMA;AED;5130.392450065064;2024-01-26
IKNNW;SWEDEN;BYR;17393206.47469591;2024-01-26
IKNNW;TANZANIA, UNITED REPUBLIC OF;HTG;94097.77084714656;2024-01-26
IKNNW;PAKISTAN;UGX;408611.9412428903;2024-01-26
IKNNW;BAHAMAS;GMD;134069.158353701;2024-01-26
IKNNW;BRAZIL;PYG;9503533.12515049;2024-01-26
IKNNW;GUINEA;GHS;4778.034001193146;2024-01-26
IKNNW;BOLIVIA;XAF;531319.7886386177;2024-01-26
IKNNW;EL SALVADOR;BSD;134.5888172994367;2024-01-26
IKNNW;TONGA;HUF;203071.770250017;2024-01-26
NNVYY;VENEZUELA;CVE;174200.7242116458;2024-01-26
NNVYY;HONDURAS;WST;35439.94069408815;2024-01-26
NNVYY;ARUBA;COP;65720996.98294809;2024-01-26
NNVYY;EURO;LKR;114323.0352013236;2024-01-26
NNVYY;BELARUS;BZD;22571.65309001737;2024-01-26
NNVYY;THAILAND;BIF;13354284.95498582;2024-01-26
NNVYY;MAURITIUS;ILS;44331.29880121526;2024-01-26
NNVYY;PARAGUAY;PHP;618791.0004064513;2024-01-26
NNVYY;EURO;JOD;10608.10827357435;2024-01-26
NNVYY;CAYMAN ISLANDS;CNY;97268.19538772572;2024-01-26
NNVYY;TANZANIA, UNITED REPUBLIC OF;RUB;612006.1959526876;2024-01-26
NNVYY;MADAGASCAR;BDT;953245.496773288;2024-01-26
NNVYY;GUATEMALA;PEN;50420.12797662678;2024-01-26
NNVYY;SOUTH AFRICA;GNF;74524124.68372796;2024-01-26
NNVYY;CAPE VERDE;DOP;571390.9791879174;2024-01-26
NNVYY;ROMANIA;BMD;8451.209757661627;2024-01-26
NNVYY;SAO TOME AND PRINCIPE;XPF;1010394.214799189;2024-01-26
NNVYY;EGYPT;PAB;7277.164763014786;2024-01-26
DFHcc;COLOMBIA;KWD;1187.502862289579;2024-01-26
DFHcc;NIGERIA;BZD;14749.47109651331;2024-01-26
DFHcc;SAO TOME AND PRINCIPE;CLP;6272678.400026752;2024-01-26
DFHcc;DJIBOUTI;LRD;860670.6438943397;2024-01-26
DFHcc;JORDAN;HNL;222533.0743538348;2024-01-26
DFHcc;VENEZUELA;BHD;3355.167375790899;2024-01-26
DFHcc;ARUBA;THB;27031.70255247697;2024-01-26
DFHcc;IRAN (ISLAMIC REPUBLIC OF);SRD;96612.13665836483;2024-01-26
DFHcc;NIGERIA;LVL;3926.467063941624;2024-01-26
DFHcc;BELIZE;BOB;46896.82002938628;2024-01-26
DFHcc;HONG KONG;RWF;4443128.24938721;2024-01-26
DFHcc;DOMINICA;COP;58302914.12327806;2024-01-26
DFHcc;SAMOA;PAB;7596.131526346879;2024-01-26
EILa1;PARAGUAY;YER;359454.7771665247;2024-01-26
EILa1;RUSSIAN FEDERATION;KZT;844488.5391172589;2024-01-26
EILa1;LEBANON;SOS;315824.0443223924;2024-01-26
EILa1;CAPE VERDE;BRL;10509.56471739912;2024-01-26
EILa1;PARAGUAY;SDG;1018189.946204653;2024-01-26
EILa1;SAUDI ARABIA;DZD;127787.3299318705;2024-01-26
EILa1;ISRAEL;KRW;2593602.08498924;2024-01-26
EILa1;NIGERIA;ZWL;1007505.395199133;2024-01-26
EILa1;CAMBODIA;XAF;335121.1637797716;2024-01-26
EILa1;IRAQ;KES;102961.4844252128;2024-01-26
EILa1;OMAN;BRL;8980.030104279922;2024-01-26
EILa1;JORDAN;WST;7158.134258726168;2024-01-26
EILa1;BURUNDI;PAB;1527.461895132434;2024-01-26
EILa1;SEYCHELLES;SAR;2745.270473851332;2024-01-26
EILa1;KENYA;XOF;1683264.758650047;2024-01-26
EILa1;MALAYSIA;PKR;383429.6424405923;2024-01-26
EILa1;ALBANIA;ZAR;32081.80179399271;2024-01-26
EILa1;MALAWI;SEK;12066.11102151751;2024-01-26
EILa1;MACAU;RUB;125432.5272205193;2024-01-26
BGHN3;LIBYAN ARAB JAMAHIRIYA;DKK;15131.74299902153;2024-01-26
BGHN3;CENTRAL AFRICAN REPUBLIC;AOA;268198.618901769;2024-01-26
BGHN3;ZAMBIA;FJD;3408.141106170125;2024-01-26
BGHN3;GUINEA;AUD;1649.853371379336;2024-01-26
BGHN3;BHUTAN;EUR;1049.345865207432;2024-01-26
BGHN3;CROATIA;KHR;6990267.131584432;2024-01-26
BGHN3;SURINAME;MWK;121277.8307202509;2024-01-26
BGHN3;SERBIA;LYD;7674.735456075408;2024-01-26
BGHN3;GHANA;OMR;573.3364597205593;2024-01-26
BGHN3;CZECH REPUBLIC;CZK;37117.57660238905;2024-01-26
BGHN3;KOREA, REPUBLIC OF;SLL;27848181.72734468;2024-01-26
BGHN3;SOLOMON ISLANDS;QAR;1436.127301184624;2024-01-26
ACDb2;TAIWAN, PROVINCE OF CHINA;ETB;174378.36290736;2024-01-26
ACDb2;HONDURAS;CYP;1476.607765834152;2024-01-26
ACDb2;CROATIA;NAD;40639.80697451741;2024-01-26
ACDb2;BHUTAN;BBD;1397.37696318448;2024-01-26
ACDb2;MAURITIUS;IDR;19531251.07484395;2024-01-26
DFFK1;TUNISIA;ANG;-482.5504570287782;2024-01-26
DFFK1;INDIA;XAF;15635339.47880152;2024-01-26
DFFK1;TANZANIA, UNITED REPUBLIC OF;HRK;194392.5292967752;2024-01-26
DFFK1;SOLOMON ISLANDS;MAD;95662.4538491312;2024-01-26
DFFK1;ALGERIA;SRD;8251.50416565681;2024-01-26
DFFK1;BARBADOS;ARS;372022.5134919037;2024-01-26
DFFK1;SINGAPORE;CNY;163505.7000510492;2024-01-26
DFFK1;LATVIA;AOA;13243100.24188804;2024-01-26
DFFK1;BANGLADESH;GNF;225246348.9020676;2024-01-26
DFFK1;SYRIAN ARAB REPUBLIC;PKR;1996304.927717287;2024-01-26
DFFK1;NAMIBIA;SDG;9410906.721962232;2024-01-26
GGIJc;TUNISIA;SGD;4871.135096662617;2024-01-26
GGIJc;DOMINICAN REPUBLIC;BZD;5825.154928112691;2024-01-26
GGIJc;SINGAPORE;VND;8308352.241105189;2024-01-26
GGIJc;SYRIAN ARAB REPUBLIC;HNL;30761.5026307343;2024-01-26
GGIJc;CZECH REPUBLIC;PES;1045408.500086315;2024-01-26
GGIJc;CAPE VERDE;GBP;4037.242180641854;2024-01-26
GGIJc;GAMBIA;ALL;429818.0573585269;2024-01-26
GGIJc;BULGARIA;SCR;6071.088471143784;2024-01-26
GGIJc;ARUBA;BDT;273720.595598548;2024-01-26
GGIJc;THAILAND;SOS;528798.9029673142;2024-01-26
GGIJc;BANGLADESH;EUR;4077.375931295836;2024-01-26
GGIJc;BULGARIA;QAR;3227.823478415176;2024-01-26
AGMM2;BRUNEI DARUSSALAM;UGX;24600773.61219767;2024-01-26
AGMM2;BOLIVIA;SGD;115.9986583881289;2024-01-26
AGMM2;SURINAME;NAD;92223.66024078843;2024-01-26
AGMM2;UNITED KINGDOM;JMD;281117.7834380394;2024-01-26
AGMM2;SWITZERLAND;MRO;1382563.632923673;2024-01-26
AGMM2;CANADA;CZK;30299.61185914488;2024-01-26
AGMM2;POLAND;NPR;608943.5902025648;2024-01-26
AGMM2;UKRAINE;IDR;102673427.7426467;2024-01-26
AGMM2;VIET NAM;LYD;14721.85937054993;2024-01-26
AGMM2;JAPAN;TWD;198156.6176918733;2024-01-26
AGMM2;DOMINICA;CHF;6904.570846083425;2024-01-26
AGMM2;GHANA;FJD;6821.329626518011;2024-01-26
AGMM2;LEBANON;LRD;549848.513022431;2024-01-26
BBMVX;ETHIOPIA;LBP;4230329.641468452;2024-01-26
BBMVX;RWANDA;AWG;23282.88770002708;2024-01-26
BBMVX;MEXICO;LRD;589600.7805989449;2024-01-26
BBMVX;SIERRA LEONE;AOA;3547418.872067336;2024-01-26
BBMVX;BULGARIA;RON;87616.41707238166;2024-01-26
BBMVX;DOMINICA;IDR;149769746.30065;2024-01-26
BBMVX;SOMALIA;HNL;43697.90902890703;2024-01-26
BBMVX;UNITED ARAB EMIRATES;SVC;153004.662789767;2024-01-26
BMMWa;PERU;HKD;6281.446576902389;2024-01-26
BMMWa;BELIZE;KZT;236718.7597466316;2024-01-26
BMMWa;MALDIVES;PES;34992.54074215516;2024-01-26
BMMWa;BHUTAN;AUD;562.4136128218511;2024-01-26
BMMWa;MOZAMBIQUE;MWK;93885.41221043556;2024-01-26
BMMWa;KOREA, REPUBLIC OF;CYP;271.0803696605601;2024-01-26
BMMWa;ZAMBIA;DZD;8945.853923266875;2024-01-26
BMMWa;VIET NAM;XPF;7575.729956684675;2024-01-26
BMMWa;CYPRUS;MGA;814706.0895633704;2024-01-26
BMMWa;VANUATU;THB;14552.22966961783;2024-01-26
BMMWa;BHUTAN;AED;1662.076354124418;2024-01-26
BMMWa;KENYA;GBP;540.2500284014577;2024-01-26
BMMWa;MACAU;RWF;892195.6715600367;2024-01-26
BMMWa;DOMINICAN REPUBLIC;RUB;52774.0992541801;2024-01-26
BMMWa;VANUATU;ISK;36635.98444092675;2024-01-26
BMMWa;TUNISIA;GMD;41049.41826045963;2024-01-26
AAZZa;LIBERIA;SEK;95306.20608459174;2024-01-26
AAZZa;KOREA, REPUBLIC OF;WST;17803.29222461038;2024-01-26
AAZZa;MAURITIUS;XPF;444824.9469746761;2024-01-26
AAZZa;URUGUAY;MVR;29618.04734871995;2024-01-26
AAZZa;SWAZILAND;GYD;2874655.745487421;2024-01-26
AAZZa;KAZAKHSTAN;RUB;658302.294265669;2024-01-26
AAZZa;TANZANIA, UNITED REPUBLIC OF;EUR;7910.836265887476;2024-01-26
AAZZa;ICELAND;KWD;3565.190341723644;2024-01-26
AAZZa;PANAMA;RON;103289.2499604485;2024-01-26
AAZZa;BARBADOS;BBD;1739.043613150296;2024-01-26
AAZZa;SAUDI ARABIA;RON;73636.77061898199;2024-01-26
AAZZa;AZERBAIJAN;HTG;1819101.655720948;2024-01-26
AAZZa;NIGERIA;MRO;937192.0355715588;2024-01-26
AAZZa;ROMANIA;RUB;1336862.619458639;2024-01-26
AAZZa;VENEZUELA;HUF;242318.4411694629;2024-01-26
AAZZa;BAHAMAS;CAD;31858.81784927301;2024-01-26
AAZZa;ZAMBIA;BSD;23351.30889355901;2024-01-26
AAZZa;MAURITIUS;SDG;11036458.51279432;2024-01-26
AAZZa;TUNISIA;SRD;252255.1417954892;2024-01-26
HKNac;PHILIPPINES;LBP;969281.7032812176;2024-01-26
HKNac;SIERRA LEONE;SBD;7306.145415444766;2024-01-26
HKNac;INDIA;NPR;234409.2301092331;2024-01-26
HKNac;CZECH REPUBLIC;BDT;121234.4845708125;2024-01-26
HKNac;THAILAND;ILS;5366.730138794879;2024-01-26
HKNac;GUINEA;ZAR;20903.92686334996;2024-01-26
HKNac;LATVIA;COP;6896729.633440054;2024-01-26
HKNac;CHILE;ETB;27242.33853779857;2024-01-26
HKNac;LIBYAN ARAB JAMAHIRIYA;MYR;1064.64454445835;2024-01-26
HKNac;PAKISTAN;CNY;12980.04690909158;2024-01-26
GGIK2;SURINAME;LYD;144027.0467613397;2024-01-26
GGIK2;SWEDEN;BZD;9222.452579601484;2024-01-26
GGIK2;ALGERIA;SVC;171997.6278297967;2024-01-26
GGIK2;SIERRA LEONE;DOP;1580874.08765598;2024-01-26
GGIK2;MYANMAR;SBD;68991.2631673316;2024-01-26
GGIK2;BURUNDI;PYG;99143727.94163509;2024-01-26
GGIK2;BELIZE;CRC;142271.6563092993;2024-01-26
GGIK2;VANUATU;GHS;217466.3185120958;2024-01-26
GGIK2;ETHIOPIA;YER;5599705.714789742;2024-01-26
GGIK2;NEW ZEALAND;BBD;40995.78435176527;2024-01-26
GGIK2;SIERRA LEONE;UAH;719121.6734256098;2024-01-26
GGIK2;HONDURAS;KES;88639.66983274667;2024-01-26
GGIK2;HAITI;MAD;244158.0600298222;2024-01-26
GGIK2;CYPRUS;HUF;7783008.482906271;2024-01-26
GGIK2;NETHERLANDS ANTILLES;PLN;77521.44229699178;2024-01-26
GGIK2;TONGA;CYP;15278.25260772893;2024-01-26
GGIK2;CAPE VERDE;TZS;30286786.29917626;2024-01-26
GGIK2;BAHAMAS;ZMW;468846.5579836288;2024-01-26
GGIK2;VENEZUELA;OMR;1679.570426007983;2024-01-26
GGIK2;RUSSIAN FEDERATION;MXN;507381.6691609428;2024-01-26
ACEL3;ETHIOPIA;YER;487418.0177607702;2024-01-26
ACEL3;MALAWI;VES;7524.671287445709;2024-01-26
ACEL3;TUNISIA;SYP;10688551.3252847;2024-01-26
ACEL3;ZAMBIA;BYR;335856595.326143;2024-01-26
ACEL3;SAUDI ARABIA;HUF;4082291.489941649;2024-01-26
ACEL3;DJIBOUTI;VUV;195142.2279294975;2024-01-26
ACEL3;MACAU;YER;6680071.122467664;2024-01-26
ACEL3;SERBIA;SYP;4700191.695578175;2024-01-26
ACEL3;URUGUAY;NPR;226907.754219353;2024-01-26
ACEL3;GUYANA;VUV;258459.6529491749;2024-01-26
ACEL3;LATVIA;CRC;9100135.069699736;2024-01-26
ACEL3;POLAND;SCR;147021.6601019342;2024-01-26
ACEL3;DOMINICAN REPUBLIC;TTD;18858.23059985245;2024-01-26
ACEL3;EURO;QAR;17821.19923440752;2024-01-26
BDHaa;TONGA;VES;162887.2992943669;2024-01-26
BDHaa;TONGA;TND;30895.9318943111;2024-01-26
BDHaa;COLOMBIA;SYP;1680254.242968088;2024-01-26
BDHaa;MAURITIUS;SLL;167952583.2935402;2024-01-26
BDHaa;SOLOMON ISLANDS;PEN;39281.22670818961;2024-01-26
BDHaa;ZAMBIA;NPR;1381851.180684539;2024-01-26
BDHaa;CROATIA;CYP;1668.747569138726;2024-01-26
BDHaa;BARBADOS;BWP;91256.63367315017;2024-01-26
BDHaa;FIJI;MAD;143964.0350712231;2024-01-26
BDHaa;JORDAN;ALL;1257181.025331555;2024-01-26
BDHaa;BRUNEI DARUSSALAM;SLL;57376012.89495943;2024-01-26
BDHaa;CYPRUS;BBD;29180.06313406688;2024-01-26
CJXZc;TANZANIA, UNITED REPUBLIC OF;BYR;106693147.1413828;2024-01-26
CJXZc;MALAWI;PEN;2512.174336874647;2024-01-26
CJXZc;CHINA;HNL;99797.94574391762;2024-01-26
CJXZc;MALDIVES;INR;522271.4246448953;2024-01-26
CJXZc;HAITI;DKK;25846.43325981868;2024-01-26
CJXZc;SAO TOME AND PRINCIPE;XPF;635508.8771611317;2024-01-26
CJXZc;BOLIVIA;CRC;2700340.344107207;2024-01-26
CJXZc;KENYA;CRC;3126667.415611512;2024-01-26
CJXZc;MAURITANIA;UYU;248144.7190979157;2024-01-26
CJXZc;EURO;DKK;36727.1184402258;2024-01-26
CJXZc;URUGUAY;KWD;206.2356417679989;2024-01-26
CJXZc;SURINAME;MXN;67890.37276983196;2024-01-26
CJXZc;UGANDA;TOP;2005.297273519173;2024-01-26
CJXZc;ETHIOPIA;STD;16642453.76621207;2024-01-26
CJXZc;SWEDEN;RON;13776.02169823921;2024-01-26
CJXZc;MALDIVES;LYD;13033.3998874809;2024-01-26
CJXZc;GHANA;NGN;1557645.903967185;2024-01-26
CJXZc;MEXICO;GBP;5308.943016032801;2024-01-26
CJXZc;DOMINICAN REPUBLIC;NIO;160924.6107590664;2024-01-26
GGWW3;TOGO;MUR;94590.20841107414;2024-01-26
GGWW3;KAZAKHSTAN;TOP;2301.573334769813;2024-01-26
GGWW3;ALGERIA;LVL;383.2898476142898;2024-01-26
GGWW3;RWANDA;NGN;1697934.839142272;2024-01-26
GGWW3;GUATEMALA;CYP;2422.796911124491;2024-01-26
GGWW3;VENEZUELA;MAD;66161.88602217549;2024-01-26
GGWW3;COSTA RICA;CRC;2136005.12726739;2024-01-26
GGWW3;BELIZE;TOP;2278.572935021947;2024-01-26
HJMNc;BERMUDA;XPF;2667959.115669258;2024-01-26
HJMNc;DOMINICA;GYD;3757920.616246129;2024-01-26
HJMNc;TANZANIA, UNITED REPUBLIC OF;JOD;1055.054167550861;2024-01-26
HJMNc;INDONESIA;NPR;2789793.915588781;2024-01-26
AHYYa;BRUNEI DARUSSALAM;LKR;4460300.896125527;2024-01-26
CIIM3;SEYCHELLES;BND;1484.689918199898;2024-01-26
NVZab;BAHAMAS;ETB;543876.5165499481;2024-01-26
NVZab;FRENCH POLYNESIA;ZMW;104530.1264178023;2024-01-26
NVZab;SERBIA;MGA;59002714.74995226;2024-01-26
NVZab;CAPE VERDE;JOD;2628.215590920998;2024-01-26
NVZab;CAYMAN ISLANDS;RSD;1464345.571856051;2024-01-26
NVZab;SIERRA LEONE;BMD;9194.653356532885;2024-01-26
NVZab;ALBANIA;CZK;336740.9765770722;2024-01-26
NVZab;CZECH REPUBLIC;BRL;40973.00791483967;2024-01-26
NVZab;SAMOA;VES;267010.1758703033;2024-01-26
NVZab;BAHRAIN;YER;1709560.577743156;2024-01-26
NVZab;FIJI;PHP;115045.7022090784;2024-01-26
NVZab;RWANDA;CHF;11594.55564461192;2024-01-26
NVZab;VANUATU;NGN;5803091.519926812;2024-01-26
NVZab;RWANDA;SCR;153071.7534080702;2024-01-26
NVZab;EL SALVADOR;CZK;281243.6046766926;2024-01-26
BELX3;MAURITANIA;AZN;16967.47978550622;2024-01-26
BELX3;SRI LANKA;BTN;1001576.110513473;2024-01-26
BELX3;CHILE;UGX;5083044.689822022;2024-01-26
BELX3;SUDAN;BZD;36269.85110842808;2024-01-26
BELX3;SEYCHELLES;ANG;7410.193363422864;2024-01-26
BELX3;OMAN;ILS;66594.3569352754;2024-01-26
BELX3;GAMBIA;GBP;21489.04331504348;2024-01-26
BELX3;SUDAN;KYD;3036.873280037542;2024-01-26
BELX3;MALDIVES;CRC;6532012.191314883;2024-01-26
BELX3;TONGA;CAD;29462.78573891117;2024-01-26
BELX3;MALAWI;HNL;436872.6963771848;2024-01-26
BELX3;HONG KONG;UYU;782995.9668145173;2024-01-26
BELX3;EGYPT;PHP;545777.1288423215;2024-01-26
BELX3;JAMAICA;ANG;30816.84877981437;2024-01-26
BELX3;TOGO;CHF;12757.53512648125;2024-01-26
BELX3;KAZAKHSTAN;BRL;47418.23509455373;2024-01-26
BELX3;GAMBIA;GYD;3216034.574748951;2024-01-26
BELX3;DOMINICA;ZAR;64202.928570823;2024-01-26
BELX3;IRAQ;MMK;44944426.88793678;2024-01-26
BELX3;PERU;SEK;160383.1886952214;2024-01-26
Iac13;EURO;SLL;127396971.7567634;2024-01-26
Iac13;LIBERIA;UAH;332042.0874759963;2024-01-26
Iac13;MALAWI;TND;19161.52620011798;2024-01-26
Iac13;SOLOMON ISLANDS;NPR;1071230.048208508;2024-01-26
Iac13;TRINIDAD AND TOBAGO;NAD;30496.12233430469;2024-01-26
Iac13;SOLOMON ISLANDS;TZS;211654.2644981761;2024-01-26
Iac13;UNITED KINGDOM;BRL;13417.83050986407;2024-01-26
Iac13;PERU;ZMW;76120.14776687205;2024-01-26
Iac13;ARUBA;BZD;9997.5103489978;2024-01-26
Iac13;CROATIA;BYR;273679401.4823774;2024-01-26
Iac13;PANAMA;DZD;1278227.021477752;2024-01-26
Iac13;GUATEMALA;NAD;75732.3826561625;2024-01-26
Iac13;KOREA, REPUBLIC OF;PYG;41659560.5373369;2024-01-26
Iac13;LAO PEOPLE'S DEMOCRATIC REP;BRL;36849.91336058088;2024-01-26
Iac13;GUINEA;AOA;1729659.944318274;2024-01-26
Iac13;SAO TOME AND PRINCIPE;RSD;261284.1596875021;2024-01-26
Iac13;VENEZUELA;SRD;92242.17760648303;2024-01-26
Iac13;MACAU;ISK;571524.6315020637;2024-01-26
GJLN1;ALBANIA;BBD;5511.626962055237;2024-01-26
MNb33;JAPAN;MAD;74194.46459793775;2024-01-26
MNb33;ICELAND;BND;2800.437467917382;2024-01-26
MNb33;LAO PEOPLE'S DEMOCRATIC REP;MUR;541847.5314130292;2024-01-26
MNb33;FIJI;YER;4769680.040099666;2024-01-26
MNb33;IRAQ;SRD;404693.2659139457;2024-01-26
MNb33;BELIZE;KYD;8615.548329923848;2024-01-26
MNb33;NETHERLANDS ANTILLES;ARS;3019785.820032084;2024-01-26
MNb33;BARBADOS;UGX;33135591.29002243;2024-01-26
MNb33;YEMEN;PES;1230764.690139199;2024-01-26
MNb33;CZECH REPUBLIC;EGP;50093.11852802985;2024-01-26
MNb33;LIBERIA;CZK;270740.6193321912;2024-01-26
MNb33;RWANDA;ANG;13146.14184131286;2024-01-26
MNb33;UNITED ARAB EMIRATES;SYP;5400898.415477774;2024-01-26
MNb33;SINGAPORE;BSD;5932.547103719549;2024-01-26
MNb33;SOUTH AFRICA;TND;13301.47816416239;2024-01-26
MNb33;MALDIVES;WST;54061.94661640064;2024-01-26
MNb33;QATAR;MXN;4942.980346520786;2024-01-26
MNb33;LIBYAN ARAB JAMAHIRIYA;MMK;10243265.55156218;2024-01-26
MNb33;ETHIOPIA;JPY;1910978.680027776;2024-01-26
MNb33;CAMBODIA;BND;12694.59007830253;2024-01-26
BHa12;MALAYSIA;MGA;3759025.466941434;2024-01-26
BHa12;BHUTAN;LKR;1023902.150380232;2024-01-26
BHa12;SIERRA LEONE;KRW;4949197.816421387;2024-01-26
BHa12;OMAN;PLN;1749.542681759699;2024-01-26
BHa12;ZIMBABWE;VES;161981.9270727753;2024-01-26
BHa12;CYPRUS;SGD;11623.71419283146;2024-01-26
BHa12;HUNGARY;EUR;6026.818291832223;2024-01-26
BHa12;SWAZILAND;MGA;23330473.27851694;2024-01-26
BHa12;PERU;PKR;788963.8881088918;2024-01-26
BHa12;MADAGASCAR;NZD;6279.25564353754;2024-01-26
BHa12;FIJI;RON;26779.98145305372;2024-01-26
BHa12;HONG KONG;ALL;500828.8830249852;2024-01-26
BHa12;BAHAMAS;KZT;4171905.705680785;2024-01-26
BHa12;POLAND;LAK;39118564.81819135;2024-01-26
BHa12;RUSSIAN FEDERATION;ARS;1072938.809801791;2024-01-26
BHa12;CAYMAN ISLANDS;YER;465019.7732262127;2024-01-26
LMM33;TUNISIA;PKR;292007.1366517432;2024-01-26
LMM33;ALGERIA;JMD;260961.9021913437;2024-01-26
LMM33;PERU;WST;4412.768249766988;2024-01-26
LMM33;PHILIPPINES;PES;249418.5207841766;2024-01-26
LMM33;TANZANIA, UNITED REPUBLIC OF;HUF;254462.2281194156;2024-01-26
LMM33;BRUNEI DARUSSALAM;TZS;4108767.205051623;2024-01-26
LMM33;NAMIBIA;SAR;2487.760669805452;2024-01-26
LMM33;ALBANIA;SGD;1926.098616729671;2024-01-26
LMM33;TOGO;MOP;13084.61137724424;2024-01-26
LMM33;SAO TOME AND PRINCIPE;MXN;44342.32377222089;2024-01-26
LMM33;ARUBA;MAD;26116.02581426613;2024-01-26
LMM33;JAPAN;CHF;5537.674456942841;2024-01-26
LMM33;TONGA;DZD;318858.1078761808;2024-01-26
LMM33;RUSSIAN FEDERATION;HNL;107130.5341537138;2024-01-26
LMM33;BULGARIA;STD;158397643.3572061;2024-01-26
LMM33;YEMEN;WST;16736.78708304881;2024-01-26
LMM33;THAILAND;TZS;2182152.140817106;2024-01-26
BLaac;BELIZE;GMD;144620.6019559475;2024-01-26
BLaac;EURO;BDT;209445.6600736924;2024-01-26
BLaac;PHILIPPINES;RSD;251714.3950646498;2024-01-26
AEXb1;CYPRUS;RON;35474.98666828989;2024-01-26
AEXb1;CAPE VERDE;SLL;156411659.9652825;2024-01-26
GHZc3;IRAN (ISLAMIC REPUBLIC OF);ZAR;664.0307588547831;2024-01-26
GHZc3;ETHIOPIA;MVR;408.891642082486;2024-01-26
GHZc3;CENTRAL AFRICAN REPUBLIC;JPY;6318.225095309555;2024-01-26
GHZc3;ZIMBABWE;THB;2025.64372266466;2024-01-26
GHZc3;BULGARIA;WST;78.29318866231465;2024-01-26
GHZc3;PERU;BWP;407.0840181395969;2024-01-26
GHZc3;RUSSIAN FEDERATION;BDT;5931.160984871128;2024-01-26
GHZc3;QATAR;ANG;2.30525968926754;2024-01-26
GHZc3;VENEZUELA;TRY;410.1782574970986;2024-01-26
GHZc3;DOMINICA;BSD;16.29175548319828;2024-01-26
GHZc3;BOTSWANA;TOP;44.56801233026487;2024-01-26
GHZc3;EL SALVADOR;BOB;165.5198274033376;2024-01-26
GHZc3;TANZANIA, UNITED REPUBLIC OF;LAK;223211.2545215396;2024-01-26
GWWZb;PAKISTAN;CVE;167816.2158107655;2024-01-26
GWWZb;FIJI;NIO;40738.78016129274;2024-01-26
GWWZb;ALGERIA;AED;14871.83839022475;2024-01-26
GWWZb;KENYA;LAK;64747807.98144113;2024-01-26
GWWZb;SERBIA;PKR;330707.9994861486;2024-01-26
GWWZb;IRAN (ISLAMIC REPUBLIC OF);SAR;4946.658739500386;2024-01-26
GWWZb;SUDAN;AUD;6815.273042636513;2024-01-26
GWWZb;HONDURAS;QAR;19677.02773840638;2024-01-26
GWWZb;BRAZIL;JMD;473362.2124716071;2024-01-26
GWWZb;ZIMBABWE;DZD;185744.024870793;2024-01-26
GWWZb;YEMEN;PAB;3326.693173624453;2024-01-26
GWWZb;SAUDI ARABIA;NZD;5680.800661476662;2024-01-26
GWWZb;BELIZE;KRW;6391058.602065267;2024-01-26
DFHc2;TONGA;DJF;313364.2353765562;2024-01-26
DFHc2;LAO PEOPLE'S DEMOCRATIC REP;BRL;1040.622532369465;2024-01-26
DFHc2;DJIBOUTI;PEN;2784.906929973251;2024-01-26
DFHc2;NORWAY;MVR;21766.79745413128;2024-01-26
DFHc2;ICELAND;HTG;174961.8042353688;2024-01-26
DFHc2;COSTA RICA;SAR;5536.66492514831;2024-01-26
DFHc2;HUNGARY;HKD;5773.800174905052;2024-01-26
DFHc2;COLOMBIA;AED;5417.399951122017;2024-01-26
DFHc2;SWEDEN;DKK;9226.08351507002;2024-01-26
DFHc2;CAMBODIA;KES;38321.2044782201;2024-01-26
DFHc2;ALGERIA;THB;42723.21233422777;2024-01-26
DFHc2;PERU;TTD;6328.395504097924;2024-01-26
GGLWa;SOUTH AFRICA;ALL;1993846.656943607;2024-01-26
GGLWa;UGANDA;MWK;9567684.605468651;2024-01-26
GGLWa;MOROCCO;VES;314869.0079063589;2024-01-26
GGLWa;NAMIBIA;NAD;391035.6031305166;2024-01-26
GGLWa;MYANMAR;KWD;4170.812320245443;2024-01-26
GGLWa;LATVIA;OMR;8742.665590686289;2024-01-26
GGLWa;NEPAL;ILS;52189.91139317356;2024-01-26
GGLWa;TOGO;GYD;4530793.834117494;2024-01-26
GGLWa;THAILAND;COP;5149705.551539299;2024-01-26
GGLWa;BAHAMAS;MMK;35455583.80866942;2024-01-26
GGIJ2;CANADA;XAF;43751.39976498375;2024-01-26
GGIJ2;PARAGUAY;ANG;80.95428907227094;2024-01-26
GGIJ2;CAPE VERDE;NAD;557.9646798354278;2024-01-26
GGIJ2;SURINAME;GBP;26.80649901922701;2024-01-26
GGIJ2;BURUNDI;BDT;2040.1007565628;2024-01-26
GGIJ2;ROMANIA;ARS;9091.25029233256;2024-01-26
GGIJ2;BANGLADESH;AED;189.6933310958116;2024-01-26
GGIJ2;GHANA;AOA;18333.97929047536;2024-01-26
GGIJ2;RWANDA;AWG;77.93511992791127;2024-01-26
GGIJ2;CAMBODIA;XPF;5019.779466788908;2024-01-26
BEFH3;YEMEN;DZD;532936.6916474042;2024-01-26
BEFH3;FRENCH POLYNESIA;KRW;9600577.045933466;2024-01-26
BEFH3;AZERBAIJAN;XAF;3677081.836954995;2024-01-26
BEFH3;ISRAEL;ZAR;87155.57772365544;2024-01-26
BEFH3;DJIBOUTI;PKR;506384.8919543228;2024-01-26
BEFH3;LEBANON;CRC;3727500.232476973;2024-01-26
BBDEV;NORWAY;BRL;2815.7214307058;2024-01-26
BBDEV;EL SALVADOR;SCR;18836.04206935331;2024-01-26
BBDEV;GAMBIA;PKR;36954.44189234446;2024-01-26
BBDEV;NORWAY;BWP;8852.930882757275;2024-01-26
Za122;ANGOLA;QAR;23233.61996395462;2024-01-26
Za122;JAPAN;LVL;5115.88111759477;2024-01-26
Za122;BOLIVIA;SEK;110799.8768631078;2024-01-26
Za122;TOGO;AZN;14933.62526086569;2024-01-26
Za122;SIERRA LEONE;RSD;268918.9123194654;2024-01-26
Za122;CENTRAL AFRICAN REPUBLIC;STD;185097543.9938625;2024-01-26
Za122;EURO;BDT;403927.6644817904;2024-01-26
Za122;FIJI;MUR;108351.8996572157;2024-01-26
Za122;CAYMAN ISLANDS;CRC;3144202.910220702;2024-01-26
Za122;BANGLADESH;XCD;6895.935592212923;2024-01-26
Za122;THAILAND;TWD;287381.5508190339;2024-01-26
Za122;GUYANA;PGK;16653.17428295777;2024-01-26
Za122;RWANDA;PGK;25879.52084082356;2024-01-26
Za122;TONGA;BOB;2889.733561794906;2024-01-26
Za122;AUSTRALIA;FJD;4560.728929334947;2024-01-26
Za122;DENMARK;AUD;270.7856463935612;2024-01-26
Za122;GUYANA;BRL;53715.31407517366;2024-01-26
Za122;BELIZE;AWG;19366.92513067471;2024-01-26
Za122;DJIBOUTI;MYR;5264.550610976094;2024-01-26
Za122;ICELAND;NIO;332901.1723926094;2024-01-26
ABINV;MOROCCO;HTG;421337.5090513878;2024-01-26
ABINV;CZECH REPUBLIC;NPR;609079.2392500825;2024-01-26
ABINV;CHILE;SBD;30348.02974404903;2024-01-26
ABINV;UKRAINE;QAR;4734.611154533271;2024-01-26
ABINV;PAPUA NEW GUINEA;SGD;3671.282271274535;2024-01-26
ABINV;ARGENTINA;DJF;554838.2856728336;2024-01-26
